{ 
  "table" : "marca.es",
  "schedule" : "as.com",
  "feeds" : [
   { "url" : "url.es",
    "origen" : "url",
    "feedParams" : 
      {"root" : "rss2",
       "subRoot" : "channel2",
       "item" : "item2",
       "title" : "titleParser2",
       "description" : "description2",
       "link" : "link2",
       "pubDate" : "pubDate2",
       "enclosure" : "enclosure2",
       "url" : "url2"
      }
   },
   { "url" : "url2.es",
    "origen" : "url2"
   }
  ],
  "feedParams" : 
      {"root" : "rss",
       "subRoot" : "channel",
       "item" : "item",
       "title" : "titleParser",
       "description" : "description",
       "link" : "link",
       "pubDate" : "pubDate",
       "enclosure" : "enclosure",
       "url" : "url"
      }
}